post_id,lang,text,label
p1,ta,வெளிநாட்டில் வேலை வாய்ப்பு. உடனே தொடர்பு கொள்ளவும் 98xxxx,1
p2,en,Missing girl seen near Koyambedu bus stand. Please contact.,1
p3,en,Genuine tailoring job for women in Tirupur. Salary 12k.,0
p4,ta,சிறுமிகளுக்கு வேலை. தங்கும் சாப்பாடு இலவசம். உடனே அழைக்கவும்.,1
p5,en,Community event for girls education in Chennai.,0
